Order_Code,Booking Group Code,Supplier Booking Code,Busc Type,Supplier Booking State,Order_Creation_Date,Booking Group Creation Date,Supplier bg creation Date,Selling Price(INR)(F),order_seller,Fulfilment Supplier Name,Advisor Supplier,System Supplier Name,Local Currency,Transfer Price LCY,Transfer Price INR,Commission Price LCY,Commission Price INR,Transfer Price LCY O,Transfer Price INR O,Commission Price LCY O,Commission Price INR O,Fulfilment Date,Supplier Cancellation Amount,Buyer Cancellation Amount,Description,Additional Component Type,city_code,City Name,Country
O1OZ2K50VCZ7,3e5cd4db-db9d-4427-b35a-49ba052ef008,SB1O1B57U78JS,Accommodation,BOOK_PUBLISHED,2017-05-12T16:00:24,2017-05-12T16:00:24,2017-06-22T18:47:15,11796.0,sumit.kumar@gofro.com,Travellanda Limited,,Travellanda Limited,USD,869.1,56712.48,0.0,0.0,56641.32,56641.32,0.0,0.0,2017-06-22T18:47:15,,,The ASHLEE Plaza Patong Hotel & Spa,na,HKT,Phuket,Thailand
O1OZ2K50VCZ7,af7923ce-e2c4-4140-a2b5-ac8164a185ce,SB1O1B57ZR13B,Accommodation,BOOK_PUBLISHED,2017-05-12T16:00:24,2017-05-12T16:00:24,2017-06-22T18:47:23,9644.0,sumit.kumar@gofro.com,GTA,,GTA,USD,472.0,30800.0,0.0,0.0,485.6,30872.0,0.0,0.0,2017-06-22T18:47:23,,,Hotel ibis Styles Krabi Ao Nang,na,KBV,Krabi,Thailand
O1OZ2K50VCZ7,cbf93b80-20ea-4800-8edb-228977390ec0,SB1O1B570Q9VI,Transfer,BOOK_PUBLISHED,2017-05-12T16:00:24,2017-05-12T16:00:24,2017-06-22T18:47:25,1884.0,sumit.kumar@gofro.com,Sun Leisure World,,Phuket and Krabi Travel Services,THB,900.0,1718.25,0.0,0.0,782.35,1463.31,0.0,0.0,2017-06-22T18:47:25,,,PRIVATE Transport from Ao Nang in KBV to krabi airport in KBV,na,KBV,Krabi,Thailand
O1OZ2K50VCZ7,60b4a3cd-34ea-4949-bda8-52482a7a046a,SB1O1B57WMAAQ,Flight,BOOK_PUBLISHED,2017-05-12T16:00:24,2017-05-12T16:00:24,2017-06-22T18:47:18,9224.0,sumit.kumar@gofro.com,TBO,,,INR,50840.0,50840.0,0.0,0.0,36896.0,36896.0,737.92,737.92,2017-06-22T18:47:18,,,,na,,,
O1OZ2K50VCZ7,62c359f5-4319-42cb-9243-6c71ca8b9a16,SB1O1B57WPFP6,Transfer,BOOK_PUBLISHED,2017-05-12T16:00:24,2017-05-12T16:00:24,2017-06-22T18:47:18,2027.0,sumit.kumar@gofro.com,TravelBullz,,TravelBullz,USD,25.0,1637.58,0.0,0.0,25.52,1622.19,0.0,0.0,2017-06-22T18:47:18,,,PRIVATE transfer from don mueang airport in BKK to Sathorn in BKK in a Van,na,BKK,Bangkok,Thailand
O1OZ2K50VCZ7,caa0929b-b86c-4905-bef1-9eeaacba175f,SB1O1B570PUX4,Activity,BOOK_PUBLISHED,2017-05-12T16:00:24,2017-05-12T16:00:24,2017-06-22T18:47:25,8235.0,sumit.kumar@gofro.com,TravelBullz,,TravelBullz,USD,104.0,6812.31,0.0,0.0,6590.38,6590.38,0.0,0.0,2017-06-22T18:47:25,,,Full Day Tour Phuket :: Phi Phi Island Tour by Big Boat with NULL (With Breakfast and Shared Transfer),na,HKT,Phuket,Thailand
O1OZ2K50VCZ7,66bb14a6-c114-4905-a14f-cf7dfa4a7ede,SB1O1B57WX3GQ,Transfer,BOOK_PUBLISHED,2017-05-12T16:00:24,2017-05-12T16:00:24,2017-06-22T18:47:18,6952.0,sumit.kumar@gofro.com,Sun Leisure World,,Sun Leisure World,THB,3050.0,5822.95,0.0,0.0,2886.86,5399.62,0.0,0.0,2017-06-22T18:47:18,,,PRIVATE transport from Patong in HKT to Ao Nang in KBV,na,HKT,Phuket,Thailand
O1OZ2K50VCZ7,6e935a7f-f69a-4543-804c-2ae99b074f79,SB1O1B57W9GFD,Activity,BOOK_PUBLISHED,2017-05-12T16:00:24,2017-05-12T16:00:24,2017-06-22T18:47:19,13594.0,sumit.kumar@gofro.com,TravelBullz,,TravelBullz,USD,184.0,12052.56,0.0,0.0,10879.12,10879.12,0.0,0.0,2017-06-22T18:47:19,,,Night Tour Phuket :: Phuket Fantasea (show + transfer),na,HKT,Phuket,Thailand
O1OZ2K50VCZ7,02c5755a-1025-43fc-9b63-584444e03dd4,SB1O1B57R55G5,Additional,BOOK_PUBLISHED,2017-05-12T16:00:24,2017-05-12T16:00:24,2017-06-22T18:47:10,2800.0,sumit.kumar@gofro.com,Aditya Grand Vacation,,Aditya Grand Vacation,INR,2800.0,2800.0,0.0,0.0,2800.0,2800.0,140.0,140.0,2017-06-22T18:47:10,,,Other  | Description - Baggage allowance of 20kg in Air Asia from Krabi to Bangkok,Others,BKK,Bangkok,Thailand
O1OZ2K50VCZ7,e84b5179-40ca-44c5-af25-42a8ff466a87,SB1O1B571PR61,Transfer,BOOK_PUBLISHED,2017-05-12T16:00:24,2017-05-12T16:00:24,2017-06-22T18:47:26,2157.0,sumit.kumar@gofro.com,TravelBullz,,TravelBullz,USD,26.0,1703.08,0.0,0.0,27.16,1726.23,0.0,0.0,2017-06-22T18:47:26,,,PRIVATE Transport from Sathorn in BKK to suvarnabhumi international airport in BKK,na,BKK,Bangkok,Thailand
O1OZ2K50VCZ7,9255ac2f-4568-4bcb-a838-5c1d6c2e0148,SB1O1B57YRFDR,Transfer,BOOK_PUBLISHED,2017-05-12T16:00:24,2017-05-12T16:00:24,2017-06-22T18:47:21,1939.0,sumit.kumar@gofro.com,Sun Leisure World,,Sun Leisure World,THB,850.0,1622.79,0.0,0.0,805.19,1506.02,0.0,0.0,2017-06-22T18:47:21,,,PRIVATE transfer from phuket international airport in HKT to Patong in HKT in a Van,na,HKT,Phuket,Thailand
O1OZ2K50VCZ7,21cbb145-5f2d-4375-93f5-ceaef48c8659,SB1O1B574FNFX,Additional,BOOK_PUBLISHED,2017-05-12T16:00:24,2017-05-25T14:37:19,2017-06-22T18:47:31,4445.0,sumit.kumar@gofro.com,TravelBullz,,Travel Bullz API,USD,84.0,5502.25,0.0,0.0,3554.01,3554.01,0.0,0.0,2017-06-22T18:47:31,,,Things-to-do  | Description - Sea Life Ocean World (Aquarium + 4D Movie) with Pvt Transfers,Activity,BKK,Bangkok,Thailand
O1OZ2K50VCZ7,4dd96982-df92-4888-a0bc-b517c8dd3304,SB1O1B57VT78L,Accommodation,BOOK_PUBLISHED,2017-05-12T16:00:24,2017-05-12T16:00:24,2017-06-22T18:47:16,11812.0,sumit.kumar@gofro.com,Travellanda Limited,,Travellanda Limited,USD,579.28,37800.52,0.0,0.0,37812.16,37812.16,0.0,0.0,2017-06-22T18:47:16,,,Ibis Bangkok Sathorn,na,BKK,Bangkok,Thailand
O1OZ2K50VCZ7,1ac5cfb5-261e-4ec1-8fb2-1ebda9f4a374,SB1O1B57S6ZWG,Activity,BOOK_PUBLISHED,2017-05-12T16:00:24,2017-05-12T16:00:24,2017-06-22T18:47:12,11045.0,sumit.kumar@gofro.com,TravelBullz,,TravelBullz,USD,144.0,9432.44,0.0,0.0,8839.19,8839.19,0.0,0.0,2017-06-22T18:47:12,,,"Full Day Tour :: Safari World Tour, Safari Park and Marine Park with Lunch (With Private Transfer)",na,BKK,Bangkok,Thailand
